x,ell,reference_mp,forward_double,backward_double,abs_error_forward,rel_error_forward,abs_error_backward,rel_error_backward
0.1,0,1.0,1.00000000000000000e+00,1.00000000000000000e+00,0.00000000000000000e+00,0.00000000000000000e+00,0.00000000000000000e+00,0.00000000000000000e+00
0.1,1,0.1,1.00000000000000006e-01,-1.98766513205124062e+00,5.55111512312578301e-18,5.55111512312578270e-17,2.08766513205124049e+00,2.08766513205124049e+01
0.1,2,-0.485,-4.84999999999999987e-01,-7.98149769807686149e-01,1.33226762955018780e-17,2.74694356608286164e-17,3.13149769807686162e-01,6.45669628469455970e-01
0.1,3,-0.1475,-1.47500000000000020e-01,1.19208512639954600e+00,1.99840144432528170e-17,1.35484843683069959e-16,1.33958512639954597e+00,9.08193306033590453e+00
0.1,4,0.3379375,3.37937500000000002e-01,8.07227224475685179e-01,1.77635683940025050e-18,5.25646558727649485e-18,4.69289724475685177e-01,1.38868792151118225e+00
0.1,5,0.17882875,1.78828750000000036e-01,-8.08367200714013467e-01,3.62909702289471174e-17,2.02937001063571261e-16,9.87195950714013448e-01,5.52034251044092983e+00
0.1,6,-0.2488293125,-2.48829312499999983e-01,-8.20890007193973537e-01,1.72004632759126264e-17,6.91255507765493884e-17,5.72060694693973582e-01,2.29900846064497921e+00
0.1,7,-0.19949294375,-1.99492943750000040e-01,5.40435170704559154e-01,4.02039290747779914e-17,2.01530582079938802e-16,7.39928114454559194e-01,3.70904404208812588e+00
0.1,8,0.180320721484375,1.80320721484374974e-01,8.19610350801831866e-01,2.60580890198980357e-17,1.44509675900758842e-16,6.39289629317456920e-01,3.54529209984805904e+00
0.1,9,0.2113876418359375,2.11387641835937501e-01,-3.25571529919262137e-01,9.00399754755199001e-19,4.25947206248707066e-18,5.36959171755199582e-01,2.54016349816677200e+00
0.1,10,-0.122124997387109375,-1.22124997387109357e-01,-7.99507906406308533e-01,1.75171294358733561e-17,1.43436068050408308e-16,6.77382909019199175e-01,5.54663601647453319e+00
0.1,11,-0.2154853557156640625,-2.15485355715664073e-01,1.43340790521761186e-01,1.05951835394080257e-17,4.91689261398742983e-17,3.58826146237425259e-01,1.66519968396785800e+00
0.1,12,0.0706465544260146484375,7.06465544260146128e-02,7.60355899055787043e-01,3.56666433845020958e-17,5.04860338544243699e-16,6.89709344629772403e-01,9.76281646335742792e+00
0.1,13,0.21249543497330810546875,2.12495434973308139e-01,1.39077124137179618e-02,3.38793415721738721e-17,1.59435620706061333e-16,1.98587722559590146e-01,9.34550535565787932e-01
0.1,14,-0.0246191095078756103515625,-2.46191095078755681e-02,-7.03362561729156677e-01,4.22302024674081608e-17,1.71534240318069974e-15,6.78743452221281074e-01,2.75697807836693762e+01
0.1,15,-0.20308876714661018310546875,-2.03088767146610200e-01,-1.48963960187107058e-01,1.64710597937300923e-17,8.11027612464632380e-17,5.41248069595031273e-02,2.66508127061652389e-01
0.1,16,-0.0162680334710223382720947265625,-1.62680334710223785e-02,6.30540634334832428e-01,4.02667336080639876e-17,2.47520597248522205e-15,6.46808667805854776e-01,3.97594871536250380e+01
0.1,17,0.187984456699493483140563964844,1.87984456699493485e-01,2.62600438605803566e-01,1.99171563726849869e-18,1.05951080862626725e-17,7.46159819063100804e-02,3.96926337508792193e-01
0.1,18,0.0519167870808670523120880126953,5.19167870808670967e-02,-5.44449402698435558e-01,4.43921295321160866e-17,8.55063112109954989e-16,5.96366189779302558e-01,1.14869625666624131e+01
0.1,19,-0.167980426757456558051338195801,-1.67980426757456558e-01,-3.54803720257298671e-01,1.11164670888683747e-19,6.61771570858026870e-19,1.86823293499842114e-01,1.11217299006861303e+00
0.1,20,-0.0820771309445277285164945602417,-8.20771309445277597e-02,4.48040207113340472e-01,3.11873935765135700e-17,3.79976653881721750e-16,5.30117338057868204e-01,6.45877032929124795e+00
0.1,21,0.143956776108407974957577915192,1.43956776108407958e-01,4.25382821633841390e-01,1.71648992710094900e-17,1.19236480109024555e-16,2.81426045525433433e-01,1.95493434302462399e+00
0.1,22,0.106483358504601663234725945473,1.06483358504601694e-01,-3.44531737107028724e-01,3.07043252424810227e-17,2.88348580225840031e-16,4.51015095611630390e-01,4.23554536544919191e+00
0.1,23,-0.116864085265837737587410755634,-1.16864085265837706e-01,-4.74296299692440970e-01,3.20800805425393339e-17,2.74507608300401728e-16,3.57432214426603223e-01,3.05852917612396258e+00
0.1,24,-0.124932435264803150877480304056,-1.24932435264803188e-01,2.37293222704466122e-01,3.68469447113471346e-17,2.94934975318838728e-16,3.62225657969269255e-01,2.89937242639596615e+00
0.1,25,0.0877027645433028105119281858139,8.77027645433027803e-02,5.01833919354818581e-01,3.02473173118857025e-17,3.44884422622176743e-16,4.14131154811515745e-01,4.72198518448116378e+00
0.1,26,0.137330576184266273290301590348,1.37330576184266306e-01,-1.29729906880849177e-01,3.31262021763922913e-17,2.41215052734829353e-16,2.67060483065115428e-01,1.94465420946593315e+00
0.1,27,-0.0574970305314541416619086815672,-5.74970305314541005e-02,-5.08712978136806826e-01,4.11293130069452610e-17,7.15329341824795462e-16,4.51215947605352663e-01,7.84763914648621608e+00
0.1,28,-0.14371997231779239849923716743,-1.43719972317792433e-01,2.51709323582317915e-02,3.41485833655908173e-17,2.37604995428761673e-16,1.68890904676024189e-01,1.17513872256093976e+00
0.1,29,0.0272659659541137687961307320528,2.72659659541137217e-02,4.96118541457672868e-01,4.70929859416991466e-17,1.72717100949045841e-15,4.68852575503559077e-01,1.71955241304341442e+01
0.1,30,0.144291613211508359745834972486,1.44291613211508379e-01,7.32380785403849155e-02,1.96315996352186684e-17,1.36055029105828154e-16,7.10535346711234500e-02,4.92430107957628538e-01
0.1,31,0.00200644716021896550211843130895,2.00644716021901662e-03,-4.65703353697865696e-01,5.11156142033907240e-17,2.54756841928558105e-14,4.67709800858084668e-01,2.33103472710959920e+02
0.1,32,-0.139387481013980614670548063432,-1.39387481013980630e-01,-1.62634736345265207e-01,1.50587838314189274e-17,1.08035411228276128e-16,2.32472553312845914e-02,1.66781515543371395e-01
0.1,33,-0.0294007556278145724674652186119,-2.94007556278146273e-02,4.19557016123862980e-01,5.48457449198698716e-17,1.86545358269578198e-15,4.48957771751677559e-01,1.52702800375287371e+01
0.1,34,0.129494170904558901429296150839,1.29494170904558892e-01,2.40528773747753971e-01,9.64116861158205617e-18,7.44525297489096118e-17,1.11034602843195065e-01,8.57448656318521962e-01
0.1,35,0.0540895848739186252501703106742,5.40895848739186835e-02,-3.60151143124338269e-01,5.82772791917608908e-17,1.07742145419684138e-15,4.14240727998256897e-01,7.65841943442237394e+00
0.1,36,-0.115229442473742758631921002044,-1.15229442473742741e-01,-3.04877227704283105e-01,1.77829800334544067e-17,1.54326703763290346e-16,1.89647785230540350e-01,1.64582749997905475e+00
0.1,37,-0.0753621617707943958653825540322,-7.53621617707944530e-02,2.90265875411754359e-01,5.71319748281412583e-17,7.58098938322679497e-16,3.65628037182548771e-01,4.85161291278460993e+00
0.1,38,0.0973229778486190552734396821157,9.73229778486190272e-02,3.54143460280174516e-01,2.80432471246618636e-17,2.88146209092386242e-16,2.56820482431555475e-01,2.63884735248264457e+00
0.1,39,0.092644848121142404320256989885,9.26448481211424452e-02,-2.12902528756136467e-01,4.08428661237311302e-17,4.40854153814629793e-16,3.05547376877278898e-01,3.29805038352208335e+00
0.1,40,-0.0765925458984779540383529345605,-7.65925458984779151e-02,-3.87338123202507212e-01,3.89821623664944372e-17,5.08955041371318225e-16,3.10745577304029241e-01,4.05712558133159540e+00
0.1,41,-0.105516915771301648793193618667,-1.05516915771301678e-01,1.31186886641589034e-01,2.93020905413414389e-17,2.77700407817558503e-16,2.36703802412890685e-01,2.24327825242660372e+00
0.1,42,0.0539167614508522007283086495725,5.39167614508521478e-02,4.04040814533999593e-01,5.28982712965124258e-17,9.81109953065927719e-16,3.50124053083147369e-01,6.49378864126145317e+00
0.1,43,0.113720998482021231523366407102,1.13720998482021246e-01,-4.82674957071568267e-02,1.45331949739086535e-17,1.27796934320852647e-16,1.61988494189178045e-01,1.42443784658457506e+00
0.1,44,-0.0302056376271149981150905497689,-3.02056376271149438e-02,-4.04401869036687400e-01,5.43488638763083954e-17,1.79929536821035378e-15,3.74196231409572422e-01,1.23882910875439993e+01
0.1,45,-0.117167869068672392672276173454,-1.17167869068672395e-01,-3.27868182958137300e-02,2.36643430300210303e-18,2.01969560581077882e-17,8.43810507728586651e-02,7.20172274562770331e-01
0.1,46,0.00637013227598382917089916437333,6.37013227598377460e-03,3.89124436090413639e-01,5.45707514955526463e-17,8.56665907885319703e-15,3.82754303814429819e-01,6.00857701585663975e+01
0.1,47,0.115935408666501695196043961863,1.15935408666501677e-01,1.09086189303154849e-01,1.82185545517707358e-17,1.57144005971273151e-16,6.84921936334684667e-03,5.90778903712602874e-02
0.1,48,0.0167081284450109611110449356698,1.67081284450110133e-02,-3.59427702038947305e-01,5.22133500304921206e-17,3.12502685159108905e-15,3.76135830483958267e-01,2.25121462120595695e+01
0.1,49,-0.110261852450519898910877026396,-1.10261852450519865e-01,-1.78011955027126995e-01,3.39676312194975360e-17,3.08063309880817924e-16,6.77501025766071019e-02,6.14447345758226016e-01
0.1,50,-0.0382058126613136818731776881828,-3.82058126613137317e-02,3.16992780902797200e-01,4.97864403544303337e-17,1.30311167035698015e-15,3.55198593564110876e-01,9.29697783719116444e+00
0.5,0,1.0,1.00000000000000000e+00,1.00000000000000000e+00,0.00000000000000000e+00,0.00000000000000000e+00,0.00000000000000000e+00,0.00000000000000000e+00
0.5,1,0.5,5.00000000000000000e-01,-7.32414422606569548e+00,0.00000000000000000e+00,0.00000000000000000e+00,7.82414422606569548e+00,1.56482884521313910e+01
0.5,2,-0.125,-1.25000000000000000e-01,-5.99310816954927184e+00,0.00000000000000000e+00,0.00000000000000000e+00,5.86810816954927184e+00,4.69448653563941747e+01
0.5,3,-0.4375,-4.37500000000000000e-01,-1.11493990580595864e-01,0.00000000000000000e+00,0.00000000000000000e+00,3.26006009419404164e-01,7.45156592958638009e-01
0.5,4,-0.2890625,-2.89062500000000000e-01,4.39727388540393349e+00,0.00000000000000000e+00,0.00000000000000000e+00,4.68633638540393349e+00,1.62121907386946873e+01
0.5,5,0.08984375,8.98437500000000000e-02,4.04674168932801681e+00,0.00000000000000000e+00,0.00000000000000000e+00,3.95689793932801681e+00,4.40419944551292275e+01
0.5,6,0.3232421875,3.23242187500000000e-01,4.51183107140717063e-02,0.00000000000000000e+00,0.00000000000000000e+00,2.78123876785928315e-01,8.60419485887584767e-01
0.5,7,0.22314453125,2.23144531250000056e-01,-3.42674015947523358e+00,5.55111512312578270e-17,2.48767697421479268e-16,3.64988469072523358e+00,1.63565948503397784e+01
0.5,8,-0.073638916015625,-7.36389160156249445e-02,-3.25204742138284431e+00,5.55111512312578270e-17,7.53829011001183750e-16,3.17840850536721931e+00,4.31620762137890779e+01
0.5,9,-0.2678985595703125,-2.67898559570312500e-01,-2.53868673280343120e-02,0.00000000000000000e+00,0.00000000000000000e+00,2.42511692242278198e-01,9.05237014455199773e-01
0.5,10,-0.188228607177734375,-1.88228607177734375e-01,2.90272515528292718e+00,0.00000000000000000e+00,0.00000000000000000e+00,3.09095376246066156e+00,1.64212752185008561e+01
0.5,11,0.0638713836669921875,6.38713836669921597e-02,2.79386207306827927e+00,2.77555756156289135e-17,4.34554162163432121e-16,2.72999068940128709e+00,4.27420001363162427e+01
0.5,12,0.2337529659271240234375,2.33752965927123968e-01,1.66197610144177763e-02,5.55111512312578270e-17,2.37477847654622958e-16,2.17133204912706240e-01,9.28900320265458213e-01
0.5,13,0.16580426692962646484375,1.65804266929626437e-01,-2.56296906647224088e+00,2.77555756156289135e-17,1.67399646158741004e-16,2.72877333340186734e+00,1.64577992106805127e+01
0.5,14,-0.0571736395359039306640625,-5.71736395359039029e-02,-2.48686709218304891e+00,2.77555756156289135e-17,4.85461059343597528e-16,2.42969345264714498e+00,4.24967427711392247e+01
0.5,15,-0.21001850068569183349609375,-2.10018500685691778e-01,-1.18670604028562263e-02,5.55111512312578270e-17,2.64315529584388178e-16,1.98151440282835600e-01,9.43495166549083386e-01
0.5,16,-0.149855135474354028701782226563,-1.49855135474354001e-01,2.31994168415634139e+00,2.77555756156289135e-17,1.85216045668177712e-16,2.46979681963069542e+00,1.64812291004426257e+01
0.5,17,0.0522168397437781095504760742187,5.22168397437780818e-02,2.26287710323678448e+00,2.77555756156289135e-17,5.31544531454263726e-16,2.21066026349300637e+00,4.23361558137270677e+01
0.5,18,0.192296222143340855836868286133,1.92296222143340800e-01,8.96337088810656574e-03,5.55111512312578270e-17,2.88675204393141301e-16,1.83332851255234297e-01,9.53387691197463472e-01
0.5,19,0.137767210224410519003868103027,1.37767210224410491e-01,-2.13505081562274457e+00,2.77555756156289135e-17,2.01467211032418759e-16,2.27281802584715509e+00,1.64975252249424003e+01
0.5,20,-0.0483583810673735570162534713745,-4.83583810673735293e-02,-2.09018974757587728e+00,2.77555756156289135e-17,5.73955848045439453e-16,2.04183136650850372e+00,4.22229057598887820e+01
0.5,21,-0.178413857922350871376693248749,-1.78413857922350816e-01,-7.04159585002833450e-03,5.55111512312578270e-17,3.11136992819343331e-16,1.71372262072322534e-01,9.60532237058104643e-01
0.5,22,-0.128198724677986319875344634056,-1.28198724677986320e-01,1.98829956310535527e+00,0.00000000000000000e+00,0.00000000000000000e+00,2.11649828778334159e+00,1.65095112537166813e+01
0.5,23,0.0452449377842185640474781394005,4.52449377842185085e-02,1.95181109906830930e+00,5.55111512312578270e-17,1.22690302937315823e-15,1.90656616128409073e+00,4.21387729689640764e+01
0.5,24,0.167159446063450900510360952467,1.67159446063450845e-01,5.69461986175423280e-03,5.55111512312578270e-17,3.32085039395181620e-16,1.61464826201696665e-01,9.65933005906273179e-01
0.5,25,0.120381116869332061014574719593,1.20381116869332047e-01,-1.86815792764105759e+00,1.38777878078144568e-17,1.15282098793601761e-16,1.98853904451038965e+00,1.65186957574820781e+01
0.5,26,-0.0426641412083963444956680177711,-4.26641412083963167e-02,-1.83770740966887769e+00,2.77555756156289135e-17,6.50559810405057197e-16,1.79504326846048134e+00,4.20738169717855470e+01
0.5,27,-0.157796621504634693167190562235,-1.57796621504634638e-01,-4.70889768732423320e-03,5.55111512312578270e-17,3.51789225282161035e-16,1.53087723817310450e-01,9.70158437852321698e-01
0.5,28,-0.113838402812526884311239427916,-1.13838402812526857e-01,1.76745019195208153e+00,2.77555756156289135e-17,2.43815574796299443e-16,1.88128859476460830e+00,1.65259573947359506e+01
0.5,29,0.0404796869645777657176211050682,4.04796869645777518e-02,1.74152343468549642e+00,1.38777878078144568e-17,3.42833377638477802e-16,1.70104374772091860e+00,4.20221566735295511e+01
0.5,30,0.149848814900610791123192200303,1.49848814900610749e-01,3.96285855372578537e-03,4.16333634234433703e-17,2.77835787030129313e-16,1.45885956346885004e-01,9.73554288324841255e-01
0.5,31,0.108258007920364392184797708296,1.08258007920364357e-01,-1.68144631789278209e+00,3.46944695195361419e-17,3.20479474784514044e-16,1.78970432581314642e+00,1.65318424031012086e+01
0.5,32,-0.0385995628883580053436821999391,-3.85995628883580022e-02,-1.65901273839962915e+00,3.14418630020796286e-18,8.14565260570937470e-17,1.62041317551127118e+00,4.19800913341431396e+01
0.5,33,-0.142992183252221082532824186773,-1.42992183252221045e-01,-3.38278258845242565e-03,3.80012861456169304e-17,2.65757786763680739e-16,1.39609400663768646e-01,9.76342884544355805e-01
0.5,34,-0.103425075400988002603179342909,-1.03425075400987970e-01,1.60688521030807663e+00,3.23498823215362385e-17,3.12785677903670222e-16,1.71031028570906463e+00,1.65367081346379798e+01
0.5,35,0.0369591179783265918944667148549,3.69591179783265722e-02,1.58721583896102914e+00,1.96985982213460087e-17,5.32983450332813025e-16,1.55025672098270251e+00,4.19451763402957170e+01
0.5,36,0.136997953535143725093467927199,1.36997953535143657e-01,2.92166450927365236e-03,6.78380217126496599e-17,4.95175438480162066e-16,1.34076289025870071e-01,9.78673663117718307e-01
0.5,37,0.0991864069408915853435345299453,9.91864069408915361e-02,-1.54143593102725851e+00,4.92553893993111919e-17,4.96594149525590580e-16,1.64062233796815016e+00,1.65407981654769536e+01
0.5,38,-0.0355114215925495625809412745632,-3.55114215925495663e-02,-1.52399865790435074e+00,3.73636820945712558e-18,1.05215957061010209e-16,1.48848723631180113e+00,4.19157321661291036e+01
0.5,39,-0.131699312694026625703091056631,-1.31699312694026571e-01,-2.54828077645323069e-03,5.44454249649343070e-17,4.13407054685439825e-16,1.29151031917573406e-01,9.80650766322724965e-01
0.5,40,-0.0954294352326154693653846757238,-9.54294352326154061e-02,1.48338226418999475e+00,6.33058759754144697e-17,6.63378923087014711e-16,1.57881169942261024e+00,1.65442842197918694e+01
0.5,41,0.0342214727034180126542820219127,3.42214727034180349e-02,1.46777836416470531e+00,2.22787052464356854e-17,6.51015385559678292e-16,1.43355689146128729e+00,4.18905668930520605e+01
0.5,42,0.12697138004116861355079703843,1.26971380041168563e-01,2.24117335822584390e-03,5.01934515050254215e-17,3.95313112992478507e-16,1.24730206682942768e-01,9.82348987956977560e-01
0.5,43,0.0920693441443281289402099816962,9.20693441443280469e-02,-1.43142887039983813e+00,8.20207978365524715e-17,8.90858934630581012e-16,1.52349821454416623e+00,1.65472908350028725e+01
0.5,44,-0.0330625652611812903132986011068,-3.30625652611813287e-02,-1.41735287083628769e+00,3.83441374393233754e-17,1.15974477891899009e-15,1.38429030557510635e+00,4.18688112867152427e+01
0.5,45,-0.122718562143844557606911709864,-1.22718562143844523e-01,-1.98516565826533991e-03,3.47243374992658744e-17,2.82959129349672019e-16,1.20733396485579222e-01,9.83823427983629539e-01
0.5,46,-0.0890408508867775936307836032394,-8.90408508867775172e-02,1.38457726413438853e+00,7.63828338718123050e-17,8.57840340822203679e-16,1.47361811502116602e+00,1.65499105224745300e+01
0.5,47,0.0320139211145040754486489596408,3.20139211145041153e-02,1.37179064686232488e+00,3.98130962388543664e-17,1.24361824021665473e-15,1.33977672574782081e+00,4.18498165518633698e+01
0.5,48,0.118866275929531051759534477816,1.18866275929531015e-01,1.76925649258687112e-03,3.66941909534325206e-17,3.08701443420221090e-16,1.17097019436944186e-01,9.85115572278585039e-01
0.5,49,0.0862927789609400079347402471702,8.62927789609399393e-02,-1.34204371652043153e+00,6.86646707596499408e-17,7.95717458476226123e-16,1.42833649548137154e+00,1.65522134375565884e+01
0.5,50,-0.0310590992396098228689509435617,-3.10590992396098525e-02,-1.33035715071796234e+00,2.96584929903611136e-17,9.54905123344256355e-16,1.29929805147835253e+00,4.18330886370764858e+01
0.9,0,1.0,1.00000000000000000e+00,1.00000000000000000e+00,0.00000000000000000e+00,0.00000000000000000e+00,0.00000000000000000e+00,0.00000000000000000e+00
0.9,1,0.9,9.00000000000000022e-01,1.86695964775833056e+00,2.22044604925031320e-17,2.46716227694479218e-17,9.66959647758330543e-01,1.07439960862036732e+00
0.9,2,0.715,7.15000000000000080e-01,2.02039552447374637e+00,7.99360577730112680e-17,1.11798682200015774e-16,1.30539552447374629e+00,1.82572800625698783e+00
0.9,3,0.4725,4.72500000000000253e-01,1.78595352153839926e+00,2.53130849614535670e-16,5.35726665850869158e-16,1.31345352153839934e+00,2.77979581277968091e+00
0.9,4,0.2079375,2.07937500000000219e-01,1.29758015306766916e+00,2.19380069665930930e-16,1.05502888928611215e-15,1.08964265306766905e+00,5.24024119299149582e+00
0.9,5,-0.04114125,-4.11412499999998515e-02,6.73317030738904698e-01,1.48450141068678941e-16,3.60830410035375514e-15,7.14458280738904716e-01,1.73659837933680841e+01
0.9,6,-0.2411643125,-2.41164312499999950e-01,2.96563064961351992e-02,5.00985919416052619e-17,2.07736341344473432e-16,2.70820618996135187e-01,1.12297137245849843e+00
0.9,7,-0.36782499375,-3.67824993750000051e-01,-5.27560485489806497e-01,5.10404163378552774e-17,1.38762773615503608e-16,1.59735491739806501e-01,4.34270358061567940e-01
0.9,8,-0.409685903515625,-4.09685903515625061e-01,-9.16207587448166771e-01,6.05780314799630979e-17,1.47864573713976263e-16,5.06521683932541822e-01,1.23636590760371035e+00
0.9,9,-0.3695104859765625,-3.69510485976562497e-01,-1.08861024489316649e+00,2.83208123619260729e-18,7.66441371401904459e-18,7.19099758916603937e-01,1.94608755693665336e+00
0.9,10,-0.263145617855859375,-2.63145617855859271e-01,-1.03693669006396472e+00,1.04327119743174992e-16,3.96461550806904180e-16,7.73791072208105390e-01,2.94054325704924757e+00
0.9,11,-0.1162133925191015625,-1.16213392519101399e-01,-7.92000090297933612e-01,1.63052876587244108e-16,1.40304721386086128e-15,6.75786697778832046e-01,5.81505008269813217e+00
0.9,12,0.0407487142724208984375,4.07487142724210494e-02,-4.15674856538634618e-01,1.50938549495549516e-16,3.70413035578170637e-15,4.56423570811055501e-01,1.12009318320987408e+01
0.9,13,0.17780052164297607421875,1.77800521642976189e-01,1.16397547273787479e-02,1.14999538141091756e-16,6.46789655499499297e-16,1.66160766915597335e-01,9.34534754904986165e-01
0.9,14,0.2707728135987747802734375,2.70772813598774864e-01,4.06187083919825276e-01,8.38343723899015431e-17,3.09611483057252128e-16,1.35414270321050495e-01,5.00102903689970901e-01
0.9,15,0.30519754212842378173828125,3.05197542128423871e-01,6.95901754941609219e-01,8.92390904846251972e-17,2.92397801968779814e-16,3.90704212813185459e-01,1.28016828080739065e+00
0.9,16,0.278338701337587612899780273437,2.78338701337587702e-01,8.32678294004595032e-01,8.88120595536747704e-17,3.19079090068605375e-16,5.54339592667007386e-01,1.99160084459353581e+00
0.9,17,0.199029338568915976194763183594,1.99029338568916025e-01,7.99771603110042584e-01,4.92922357494535376e-17,2.47663164153990251e-16,6.00742264541126558e-01,3.01836035260255553e+00
0.9,18,0.0854259023434368794910430908203,8.54259023434369436e-02,6.13181916660456960e-01,6.40624132400262211e-17,7.49917899403353682e-16,5.27756014317020128e-01,6.17793900724967493e+00
0.9,19,-0.0388339761160020781291580200195,-3.88339761160019781e-02,3.17003629937497255e-01,1.00055247470081672e-16,2.57648733086727395e-15,3.55837606053499345e-01,9.16304848595896182e+00
0.9,20,-0.149308235309848682633163261414,-1.49308235309848547e-01,-2.61814502871263594e-02,1.35554348443690103e-16,9.07882597114512073e-16,1.23126785022722327e-01,8.24648317403297471e-01
0.9,21,-0.225371160029208325075264949799,-2.25371160029208151e-01,-3.47912767349757512e-01,1.74353962277261884e-16,7.73630318336496323e-16,1.22541607320549181e-01,5.43732424790588476e-01
0.9,22,-0.253926861437433629323469321251,-2.53926861437433482e-01,-5.87018801836634574e-01,1.47285196507298842e-16,5.80029996328644483e-16,3.33091940399200925e-01,1.31176331055969531e+00
0.9,23,-0.231559668155368645041072983265,-2.31559668155368520e-01,-7.00877417073436204e-01,1.25159296959470560e-16,5.40505598217963101e-16,4.69317748918067545e-01,2.02676810109768901e+00
0.9,24,-0.164777339579630008783233033472,-1.64777339579629895e-01,-6.72736762498490015e-01,1.14255065322840051e-16,6.93390642271083210e-16,5.07959422918859982e-01,3.08270193107095558e+00
0.9,25,-0.0683699455893134362541930071108,-6.83699455893133634e-02,-5.13865328656837650e-01,7.28442928587843996e-17,1.06544318897586373e-15,4.45495383067524231e-01,6.51595345334247789e+00
0.9,26,0.03774049949774090367359103117,3.77404994977409425e-02,-2.60307673957176855e-01,3.88069704123471655e-17,1.02825799681506859e-15,2.98048173454917742e-01,7.89730335902837055e+00
0.9,27,0.132512607828310757327381865618,1.32512607828310758e-01,3.49563887896459854e-02,4.68593539697164062e-19,3.53621853329076984e-18,9.75562190386647654e-02,7.36203298972600062e-01
0.9,28,0.197870735752227788875658732375,1.97870735752227744e-01,3.12808872926116144e-01,4.45227652086926859e-17,2.25009347842339601e-16,1.14938137173888358e-01,5.80874866295605252e-01
0.9,29,0.22208330085850290910877933564,2.22083300858502808e-01,5.19597113620678175e-01,1.01224714257824842e-16,4.55796153364627183e-16,2.97513812762175256e-01,1.33964963422320427e+00
0.9,30,0.201812397959063286542735982786,2.01812397959063139e-01,6.17304980613354815e-01,1.47601375789073647e-16,7.31379128744181089e-16,4.15492582654291509e-01,2.05880603400080631e+00
0.9,31,0.142483923296693134126865335024,1.42483923296692988e-01,5.90391291195252577e-01,1.46068256004587018e-16,1.02515605006489229e-15,4.47907367898559450e-01,3.14356425297109121e+00
0.9,32,0.0569579410684855881927640321725,5.69579410684855070e-02,4.48085369117400600e-01,8.12181249667252147e-17,1.42593154603445835e-15,3.91127428048915038e-01,6.86695166137813473e+00
0.9,33,-0.0371953331208416176600907526875,-3.71953331208416116e-02,2.21832508336965245e-01,6.07514053786813570e-18,1.63330719962393869e-16,2.59027841457806884e-01,6.96398767598793444e+00
0.9,34,-0.121249724777846292801902513199,-1.21249724777846207e-01,-4.14799096516239099e-02,8.55220947134481248e-17,7.05338464645108951e-16,7.97698151262223876e-02,6.57896875826948113e-01
0.9,35,-0.178999045217018279501573156522,-1.78999045217018177e-01,-2.89091647794933237e-01,1.02778272785398911e-16,5.74183357574844244e-16,1.10092602577914964e-01,6.15045753145994634e-01
0.9,36,-0.199841628392856883668998242772,-1.99841628392856852e-01,-4.72809984896927771e-01,3.21318799970841033e-17,1.60786720241880402e-16,2.72968356504070864e-01,1.36592339994076939e+00
0.9,37,-0.180692685340487545810717592306,-1.80692685340487602e-01,-5.58278829381366415e-01,5.62973662276791843e-17,3.11564168309278615e-16,3.77586144040878868e-01,2.08965926500774479e+00
0.9,38,-0.12638463184071591174922374995,-1.26384631840715994e-01,-5.31311882685681969e-01,8.23507424740347286e-17,6.51588260966905945e-16,4.04927250844966058e-01,3.20392792183230624e+00
0.9,39,-0.0485162293236688703439471118951,-4.85162293236689746e-02,-4.00136357785277730e-01,1.04216188213296281e-16,2.14806858789526593e-15,3.51620128461608838e-01,7.24747436813003354e+00
0.9,40,0.0369874184218765969191271648077,3.69874184218764723e-02,-1.93213290344791289e-01,1.24589370385007740e-16,3.36842568908021045e-15,2.30200708766667872e-01,6.22375712035401918e+00
0.9,41,0.113098340875647773882006214397,1.13098340875647657e-01,4.68342791530689251e-02,1.16737607919593179e-16,1.03217789947906301e-15,6.62640617225788431e-02,5.85897734746052001e-01
0.9,42,0.165046712097951148459563106151,1.65046712097951076e-01,2.71911084687397442e-01,7.24558529925690439e-17,4.39002098688087091e-16,1.06864372589446296e-01,6.47479560368490858e-01
0.9,43,0.183161468807350147770053874788,1.83161468807350153e-01,4.38003680329232759e-01,5.12859587850878484e-18,2.80004081202420342e-17,2.54842211521882633e-01,1.39135274018754740e+00
0.9,44,0.164648508804627663332591018896,1.64648508804627725e-01,5.13716171095928043e-01,6.12006850041710906e-17,3.71705067045532627e-16,3.49067662291300373e-01,2.12007788485655180e+00
0.9,45,0.113983131727272651801292669397,1.13983131727272757e-01,4.86144519339946624e-01,1.05526247706230066e-16,9.25805828521387234e-16,3.72161387612673977e-01,3.26505669718870539e+00
0.9,46,0.0418703389620735941860711689849,4.18703389620737054e-02,3.63000183361410156e-01,1.11238344779088266e-16,2.65673380098137313e-15,3.21129844399336561e-01,7.66962609713329346e+00
0.9,47,-0.0369931210282762159464958712388,-3.69931210282761075e-02,1.70648243781116732e-01,1.08459486388173016e-16,2.93188256014599228e-15,2.07641364809392936e-01,5.61297233209058888e+00
0.9,48,-0.106892037065314070628557123608,-1.06892037065313972e-01,-5.14704953062666212e-02,9.88731701222140548e-17,9.24981624793994100e-16,5.54215417590474477e-02,5.18481481695248436e-01
0.9,49,-0.154204184213156326539617042277,-1.54204184213156265e-01,-2.58867141667973089e-01,6.19794764575138365e-17,4.01931223680932350e-16,1.04662957454816768e-01,6.78729685506725522e-01
0.9,50,-0.170037659943836784677611588201,-1.70037659943836794e-01,-4.10860161052186701e-01,9.48540743345212602e-18,5.57841565014782142e-17,2.40822501108349907e-01,1.41628919845105661e+00
0.99,0,1.0,1.00000000000000000e+00,1.00000000000000000e+00,0.00000000000000000e+00,0.00000000000000000e+00,0.00000000000000000e+00,0.00000000000000000e+00
0.99,1,0.99,9.89999999999999991e-01,4.00644553174896279e-01,8.88178419700125251e-18,8.97149918889015462e-18,5.89355446825103768e-01,5.95308532146569425e-01
0.99,2,0.97015,9.70149999999999846e-01,9.49571614647208295e-02,1.54187773659941744e-16,1.58931890594177953e-16,8.75192838535279183e-01,9.02121155012399312e-01
0.99,3,0.9407475,9.40747499999999848e-01,-1.10417052366474824e-01,1.52269308273389478e-16,1.61859912753836134e-16,1.05116455236647477e+00,1.11737161392028650e+00
0.99,4,0.90223254375,9.02232543749999727e-01,-2.62515414323458263e-01,2.73065836609021078e-16,3.02655716090734361e-16,1.16474795807345832e+00,1.29096203206365256e+00
0.99,5,0.8551803929625,8.55180392962499702e-01,-3.79468826431222817e-01,2.97508358926279475e-16,3.47889593090010561e-16,1.23464921939372285e+00,1.44372956811682029e+00
0.99,6,0.8002919601019375,8.00291960101937039e-01,-4.69973074703120774e-01,4.61192692910117360e-16,5.76280552476589535e-16,1.27026503480505837e+00,1.58725202567730128e+00
0.99,7,0.738382166962419375,7.38382166962418651e-01,-5.38820073263118315e-01,7.23776257073041048e-16,9.80219037589349499e-16,1.27720224022553763e+00,1.72973061562379526e+00
0.99,8,0.67036643233479565234375,6.70366432334794760e-01,-5.88958320629432763e-01,8.92781592348910647e-16,1.33178146948598400e-15,1.25932475296422841e+00,1.87856177192251494e+00
0.99,9,0.5972455244994728698828125,5.97245524499471658e-01,-6.22400883343156131e-01,1.21155214985104979e-15,2.02856631008897446e-15,1.21964640784262901e+00,2.04211895746688921e+00
0.99,10,0.5200890424821923811401953125,5.20089042482190789e-01,-6.40673573001987240e-01,1.59244366755129650e-15,3.06186736784753768e-15,1.16076261548417969e+00,2.23185362634115414e+00
0.99,11,0.440017813473640991370594140625,4.40017813473639219e-01,-6.45054068116341139e-01,1.77255748925092018e-15,4.02837665879430184e-15,1.08507188158998202e+00,2.46597262284469476e+00
0.99,12,0.358185512124224098413856678711,3.58185512124222172e-01,-6.36705985665602436e-01,1.92663241644051905e-15,5.37886751760170057e-15,9.94891497789826551e-01,2.77758721141346232e+00
0.99,13,0.275759820260834964561217162354,2.75759820260832955e-01,-6.16755717525197311e-01,2.00938683784059255e-15,7.28672812427843477e-15,8.92515537786032320e-01,3.23656846360656170e+00
0.99,14,0.193903452711228951667228423319,1.93903452711226887e-01,-5.86335893985406753e-01,2.06480517804520603e-15,1.06486251233505405e-14,7.80239346696635749e-01,4.02385484006109184e+00
0.99,15,0.113755376245846246567272517369,1.13755376245844197e-01,-5.46608231397884392e-01,2.04907586444993411e-15,1.80130023922693992e-14,6.60363607643730588e-01,5.80511998146411745e+00
0.99,16,0.0364125441447866895088229505176,3.64125441447847031e-02,-4.98773013238748286e-01,1.98637150433499982e-15,5.45518461010749120e-14,5.35185557383535015e-01,1.46978347696739924e+01
0.99,17,-0.0370875413366681646366537932059,-3.70875413366700546e-02,-4.44069567067279847e-01,1.88995586318309359e-15,5.09593193581292708e-14,4.06982025730611707e-01,1.09735509840398002e+01
0.99,18,-0.105783142098718090350558005188,-1.05783142098719862e-01,-3.83770515212362440e-01,1.77193905504213575e-15,1.67506752010499071e-14,2.77987373113644354e-01,2.62789861974626549e+00
0.99,19,-0.168803197421895615056903760649,-1.68803197421897255e-01,-3.19171671843041960e-01,1.64023567395021230e-15,9.71685192580040486e-15,1.50368474421146342e-01,8.90791624315772079e-01
0.99,20,-0.225380587629187299034322605004,-2.25380587629188778e-01,-2.51578923041248403e-01,1.47871972974797092e-15,6.56098976980603743e-15,2.61983354120611037e-02,1.16240425529303040e-01
0.99,21,-0.274863528734800007936432348769,-2.74863528734801243e-01,-1.82293097589687175e-01,1.23554405768070064e-15,4.49511822600810023e-15,9.25704311451128331e-02,3.36786883189689079e-01
0.99,22,-0.316724912637613775369688653727,-3.16724912637614708e-01,-1.12593626387580331e-01,9.32996440780853203e-16,2.94576272201346241e-15,2.04131286250033434e-01,6.44506567387055362e-01
0.99,23,-0.350569444601743196439918167419,-3.50569444601743885e-01,-4.37216481997211234e-02,6.88341878910757641e-16,1.96349650407420260e-15,3.06847796402022088e-01,8.75283916288283059e-01
0.99,24,-0.376138469443916420701939720594,-3.76138469443916879e-01,2.31368798408884725e-02,4.57840982001733839e-16,1.21721392304968577e-15,3.99275349284804904e-01,1.06151160203074690e+00
0.99,25,-0.393312419291301954147722393119,-3.93312419291302229e-01,8.68675839149922607e-02,2.74637689505451200e-16,6.98268541838350085e-16,4.80180003206294226e-01,1.22086153310774259e+00
0.99,26,-0.402110858227689428745000408221,-4.02110858227689549e-01,1.46443165994067204e-01,1.20592923882518618e-16,2.99899695357728016e-16,5.48554024221756586e-01,1.36418605217356714e+00
0.99,27,-0.402690141838259759941088488824,-4.02690141838259741e-01,2.00937619922922472e-01,1.90936829787569058e-17,4.74153225892127047e-17,6.03627761761182269e-01,1.49898817737541967e+00
0.99,28,-0.395338751819486762595616328375,-3.95338751819486522e-01,2.49538854391546938e-01,2.40152601763887356e-16,6.07460312601841802e-16,6.44877606211033738e-01,1.63120261609336836e+00
0.99,29,-0.38047040667939188741103971459,-3.80470406679391304e-01,2.91559455016315971e-01,5.83205544397953267e-16,1.53285389391506258e-15,6.72029861695707886e-01,1.76631309530993863e+00
0.99,30,-0.358615088379272134280198540212,-3.58615088379271196e-01,3.26445366338271814e-01,9.37974134555618460e-16,2.61554565033698409e-15,6.85060454717543954e-01,1.91029456628166860e+00
0.99,31,-0.330408160865886695704838658248,-3.30408160865885370e-01,3.53782323312217761e-01,1.32599903089682779e-15,4.01321513191998119e-15,6.84190484178104463e-01,2.07074329636736376e+00
0.99,32,-0.296577789170247407763269761511,-2.96577789170245631e-01,3.73299910890518505e-01,1.77628507426992936e-15,5.98927208689343658e-15,6.69877700060765857e-01,2.25869139403500485e+00
0.99,33,-0.257930896527183225060956729979,-2.57930896527181097e-01,3.84873179388299902e-01,2.12789450883156203e-15,8.24986280233125969e-15,6.42804075915483164e-01,2.49215617272023193e+00
0.99,34,-0.215337921294997025356039934401,-2.15337921294994628e-01,3.88521792042318181e-01,2.39782586724161464e-15,1.11351769944726561e-14,6.03859713337315251e-01,2.80424232622767855e+00
0.99,35,-0.169716654906771918571387402847,-1.69716654906769293e-01,3.84406729005958792e-01,2.62546174002433237e-15,1.54696764525941241e-14,5.54123383912730749e-01,3.26499119498389589e+00
0.99,36,-0.122015456335336174136706190058,-1.22015456335333422e-01,3.72824618342991743e-01,2.75208125039133074e-15,2.25551854908263519e-14,4.94840074678327912e-01,4.05555238279283614e+00
0.99,37,-0.0731961473705663847645894554864,-7.31961473705635690e-02,3.54199808741445799e-01,2.81575224223958325e-15,3.84685853475923932e-14,4.27395956112012199e-01,5.83904988808026459e+00
0.99,38,-0.0242168962593977796240167904663,-2.42168962593949377e-02,3.29074340009517352e-01,2.84189469114294237e-15,1.17351730820587557e-13,3.53291236268915121e-01,1.45886257464481819e+01
0.99,39,0.0239846050827597405209128043907,2.39846050827625459e-02,2.98096005301296596e-01,2.80541471345943581e-15,1.16967308979207776e-13,2.74111400218536860e-01,1.14286392989463721e+01
0.99,40,0.0705073729409788177869311314896,7.05073729409815275e-02,2.62004732856080669e-01,2.70973348983686841e-15,3.84319167884068770e-14,1.91497359915101861e-01,2.71599056846725562e+00
0.99,41,0.114502488605529311646280372159,1.14502488605531874e-01,2.21617544284810897e-01,2.56248663416606335e-15,2.23793095274465595e-14,1.07115055679281590e-01,9.35482337404053732e-01
0.99,42,0.155187314241338381159778137839,1.55187314241340746e-01,1.77812370637704831e-01,2.36465311341719448e-15,1.52374124455805839e-14,2.26250563963664511e-02,1.45791919313593282e-01
0.99,43,0.19185832492968357408026871322,1.91858324929685686e-01,1.31511026260483777e-01,2.11221949417908405e-15,1.10092668376689741e-14,6.03472986691998003e-02,3.14540944164488023e-01
0.99,44,0.223902341223093087401433735059,2.23902341223094908e-01,8.36616535089581559e-02,1.82098310509082638e-15,8.13293463187338940e-15,1.40240687714134921e-01,6.26347571660276325e-01
0.99,45,0.250805977516903437142411178096,2.50805977516904921e-01,3.52209585602892977e-02,1.48388952601421443e-15,5.91648389207233162e-15,2.15585018956614138e-01,8.59568902986311278e-01
0.99,46,0.27216315564040525476294141211,2.72163155640406274e-01,-1.28634402436229207e-02,1.01874256352945815e-15,3.74313180317275854e-15,2.85026595884028178e-01,1.04726370920176537e+00
0.99,47,0.287680569660309653137725566394,2.87680569660310193e-01,-5.96702348298653179e-02,5.39365790624815401e-16,1.87487737271131364e-15,3.47350804490174969e-01,1.20741836996611673e+00
0.99,48,0.297181026280272414661350898962,2.97181026280272542e-01,-1.04320914464553258e-01,1.27533542604657562e-16,4.29144296999567717e-16,4.01501940744825647e-01,1.35103490882411803e+00
0.99,49,0.300604624693871359782014278376,3.00604624693871003e-01,-1.45995227432602404e-01,3.56632688462692123e-16,1.18638457018377020e-15,4.46599852126473740e-01,1.48567192730744080e+00
0.99,50,0.29800777957025967307658050749,2.98007779570258757e-01,-1.83945348638125006e-01,9.15769791741417673e-16,3.07297276957668009e-15,4.81953128208384651e-01,1.61725015670188976e+00
